dbus-service-name,description,Address,Type,Scalefactor,Range,dbus-obj-path,writable,dbus-unit,Remarks,,,,
com.victronenergy.system,Serial (System),800,string[6],1,12 characters,/Serial,no,,System value -> MAC address of CCGX (represented as string),,,,
com.victronenergy.system,CCGX Relay 1 state,806,uint16,1,0 to 1,/Relay/0/State,yes,0=Open;1=Closed,,,,,
com.victronenergy.system,CCGX Relay 2 state,807,uint16,1,0 to 1,/Relay/1/State,yes,0=Open;1=Closed,Relay 1 is available on Venus GX only.,,,,
com.victronenergy.system,PV - AC-coupled on output L1,808,uint16,1,0 to 65336,/Ac/PvOnOutput/L1/Power,no,W,Summation of all AC-Coupled PV Inverters on the output,,,,
com.victronenergy.system,PV - AC-coupled on output L2,809,uint16,1,0 to 65336,/Ac/PvOnOutput/L2/Power,no,W,,,,,
com.victronenergy.system,PV - AC-coupled on output L3,810,uint16,1,0 to 65336,/Ac/PvOnOutput/L3/Power,no,W,,,,,
com.victronenergy.system,PV - AC-coupled on input L1,811,uint16,1,0 to 65336,/Ac/PvOnGrid/L1/Power,no,W,Summation of all AC-Coupled PV Inverters on the input,,,,
com.victronenergy.system,PV - AC-coupled on input L2,812,uint16,1,0 to 65336,/Ac/PvOnGrid/L2/Power,no,W,,,,,
com.victronenergy.system,PV - AC-coupled on input L3,813,uint16,1,0 to 65336,/Ac/PvOnGrid/L3/Power,no,W,,,,,
com.victronenergy.system,PV - AC-coupled on generator L1,814,uint16,1,0 to 65336,/Ac/PvOnGenset/L1/Power,no,W,Summation of all AC-Coupled PV Inverters on a generator. Bit theoretic; this will never be used.,,,,
com.victronenergy.system,PV - AC-coupled on generator L2,815,uint16,1,0 to 65336,/Ac/PvOnGenset/L2/Power,no,W,,,,,
com.victronenergy.system,PV - AC-coupled on generator L3,816,uint16,1,0 to 65336,/Ac/PvOnGenset/L3/Power,no,W,,,,,
com.victronenergy.system,AC Consumption L1,817,uint16,1,0 to 65336,/Ac/Consumption/L1/Power,no,W,Power supplied by system to loads.,,,,
com.victronenergy.system,AC Consumption L2,818,uint16,1,0 to 65336,/Ac/Consumption/L2/Power,no,W,,,,,
com.victronenergy.system,AC Consumption L3,819,uint16,1,0 to 65336,/Ac/Consumption/L3/Power,no,W,,,,,
com.victronenergy.system,Grid L1,820,int16,1,-32668 to 32668,/Ac/Grid/L1/Power,no,W,Power supplied by Grid to system.,,,,
com.victronenergy.system,Grid L2,821,int16,1,-32668 to 32668,/Ac/Grid/L2/Power,no,W,,,,,
com.victronenergy.system,Grid L3,822,int16,1,-32668 to 32668,/Ac/Grid/L3/Power,no,W,,,,,
com.victronenergy.system,Genset L1,823,int16,1,-32668 to 32668,/Ac/Genset/L1/Power,no,W,Power supplied by Genset tot system.,,,,
com.victronenergy.system,Genset L2,824,int16,1,-32668 to 32668,/Ac/Genset/L2/Power,no,W,,,,,
com.victronenergy.system,Genset L3,825,int16,1,-32668 to 32668,/Ac/Genset/L3/Power,no,W,,,,,
com.victronenergy.system,Active input source,826,int16,1,0 to 32668,/Ac/ActiveIn/Source,no,0=Not available;1=Grid;2=Generator;3=Shore power;240=Not connected,,,,,
com.victronenergy.system,Battery Voltage (System),840,uint16,10,0 to 6533.6,/Dc/Battery/Voltage,no,V DC,"Battery Voltage determined from different measurements. In order of preference: BMV-voltage (V), Multi-DC-Voltage (CV), MPPT-DC-Voltage (ScV), Charger voltage",,,,
com.victronenergy.system,Battery Current (System),841,int16,10,-3266.8 to 3266.8,/Dc/Battery/Current,no,A DC,Postive: battery begin charged. Negative: battery being discharged,,,,
com.victronenergy.system,Battery Power (System),842,int16,1,-32668 to 32668,/Dc/Battery/Power,no,W,Postive: battery begin charged. Negative: battery being discharged,,,,
com.victronenergy.system,Battery State of Charge (System),843,uint16,1,0 to 100,/Dc/Battery/Soc,no,%,"Best battery state of charge, determined from different measurements.",,,,
com.victronenergy.system,Battery state (System),844,uint16,1,0 to 65336,/Dc/Battery/State,no,0=idle;1=charging;2=discharging,,,,,
com.victronenergy.system,Battery Consumed Amphours (System),845,uint16,-10,0 to -6533.6,/Dc/Battery/ConsumedAmphours,no,Ah,,,,,
com.victronenergy.system,Battery Time to Go (System),846,uint16,0,0 to 6533600,/Dc/Battery/TimeToGo,no,s,Special value: 0 = charging,,,,
com.victronenergy.system,PV - DC-coupled power,850,uint16,1,0 to 65336,/Dc/Pv/Power,no,W,Summation of output power of all connected Solar Chargers,,,,
com.victronenergy.system,PV - DC-coupled current,851,int16,10,-3266.8 to 3266.8,/Dc/Pv/Current,no,A DC,Summation of output current of all connected Solar Chargers,,,,
com.victronenergy.system,Charger power,855,uint16,1,0 to 65336,/Dc/Charger/Power,no,W,,,,,
com.victronenergy.system,DC System Power,860,int16,1,-32668 to 32668,/Dc/System/Power,no,W,Power supplied by Battery to system.,,,,
com.victronenergy.system,VE.Bus charge current (System),865,int16,10,-3266.8 to 3266.8,/Dc/Vebus/Current,no,A DC,Current flowing from the Multi to the dc system. Negative: the other way around.,,,,
com.victronenergy.system,VE.Bus charge power (System),866,int16,1,-32668 to 32668,/Dc/Vebus/Power,no,W,System value etc. AND: Positive: power flowing from the Multi to the dc system. Negative: the other way around.,,,,
com.victronenergy.system,Grid lost alarm,830,uint16,1,0 to 65336,/Ac/Alarms/GridLost,no,0=Ok;2=Alarm,,,,,
com.victronenergy.vebus,Input voltage phase 1,3,uint16,10,0 to 6533.6,/Ac/ActiveIn/L1/V,no,V AC,,,,,
com.victronenergy.vebus,Input voltage phase 2,4,uint16,10,0 to 6533.6,/Ac/ActiveIn/L2/V,no,V AC,,,,,
com.victronenergy.vebus,Input voltage phase 3,5,uint16,10,0 to 6533.6,/Ac/ActiveIn/L3/V,no,V AC,,,,,
com.victronenergy.vebus,Input current phase 1,6,int16,10,-3266.8 to 3266.8,/Ac/ActiveIn/L1/I,no,A AC,Positive: current flowing from mains to Multi. Negative: current flowing from Multi to mains.,,,,
com.victronenergy.vebus,Input current phase 2,7,int16,10,-3266.8 to 3266.8,/Ac/ActiveIn/L2/I,no,A AC,Positive: current flowing from mains to Multi. Negative: current flowing from Multi to mains.,,,,
com.victronenergy.vebus,Input current phase 3,8,int16,10,-3266.8 to 3266.8,/Ac/ActiveIn/L3/I,no,A AC,Positive: current flowing from mains to Multi. Negative: current flowing from Multi to mains.,,,,
com.victronenergy.vebus,Input frequency 1,9,int16,100,-326.68 to 326.68,/Ac/ActiveIn/L1/F,no,Hz,,,,,
com.victronenergy.vebus,Input frequency 2,10,int16,100,-326.68 to 326.68,/Ac/ActiveIn/L2/F,no,Hz,,,,,
com.victronenergy.vebus,Input frequency 3,11,int16,100,-326.68 to 326.68,/Ac/ActiveIn/L3/F,no,Hz,,,,,
com.victronenergy.vebus,Input power 1,12,int16,0,-326680 to 326680,/Ac/ActiveIn/L1/P,no,VA or Watts,Sign meaning equal to Input current,,,,
com.victronenergy.vebus,Input power 2,13,int16,0,-326680 to 326680,/Ac/ActiveIn/L2/P,no,VA or Watts,Sign meaning equal to Input current,,,,
com.victronenergy.vebus,Input power 3,14,int16,0,-326680 to 326680,/Ac/ActiveIn/L3/P,no,VA or Watts,Sign meaning eaqual to Input current,,,,
com.victronenergy.vebus,Output voltage phase 1,15,uint16,10,0 to 6533.6,/Ac/Out/L1/V,no,V AC,,,,,
com.victronenergy.vebus,Output voltage phase 2,16,uint16,10,0 to 6533.6,/Ac/Out/L2/V,no,V AC,,,,,
com.victronenergy.vebus,Output voltage phase 3,17,uint16,10,0 to 6533.6,/Ac/Out/L3/V,no,V AC,,,,,
com.victronenergy.vebus,Output current phase 1,18,int16,10,-3266.8 to 3266.8,/Ac/Out/L1/I,no,A AC,Postive: current flowing from Multi to the load. Negative: current flowing from load to the Multi.,,,,
com.victronenergy.vebus,Output current phase 2,19,int16,10,-3266.8 to 3266.8,/Ac/Out/L2/I,no,A AC,Postive: current flowing from Multi to the load. Negative: current flowing from load to the Multi.,,,,
com.victronenergy.vebus,Output current phase 3,20,int16,10,-3266.8 to 3266.8,/Ac/Out/L3/I,no,A AC,Postive: current flowing from Multi to the load. Negative: current flowing from load to the Multi.,,,,
com.victronenergy.vebus,Output frequency,21,int16,100,-326.68 to 326.68,/Ac/Out/L1/F,no,Hz,,,,,
com.victronenergy.vebus,Active input current limit,22,int16,10,-3266.8 to 3266.8,/Ac/ActiveIn/CurrentLimit,yes,A,"See Venus-OS manual for limitations, for example when VE.Bus BMS or DMC is installed.",,,,
com.victronenergy.vebus,Output power 1,23,int16,0,-326680 to 326680,/Ac/Out/L1/P,no,VA or Watts,Sign meaning equal to Output current,,,,
com.victronenergy.vebus,Output power 2,24,int16,0,-326680 to 326680,/Ac/Out/L2/P,no,VA or Watts,Sign meaning equal to Output current,,,,
com.victronenergy.vebus,Output power 3,25,int16,0,-326680 to 326680,/Ac/Out/L3/P,no,VA or Watts,Sign meaning equal to Output current,,,,
com.victronenergy.vebus,Battery voltage,26,uint16,100,0 to 653.36,/Dc/0/Voltage,no,V DC,,,,,
com.victronenergy.vebus,Battery current,27,int16,10,-3266.8 to 3266.8,/Dc/0/Current,no,A DC,Positive: current flowing from the Multi to the dc system. Negative: the other way around.,,,,
com.victronenergy.vebus,Phase count,28,uint16,1,0 to 65336,/Ac/NumberOfPhases,no,count,,,,,
com.victronenergy.vebus,Active input,29,uint16,1,0 to 65336,/Ac/ActiveIn/ActiveInput,no,0=AC Input 1;1=AC Input 2;240=Disconnected,,,,,
com.victronenergy.vebus,VE.Bus state of charge,30,uint16,10,0 to 6533.6,/Soc,yes,%,,,,,
com.victronenergy.vebus,VE.Bus state,31,uint16,1,0 to 65336,/State,no,0=Off;1=Low Power;2=Fault;3=Bulk;4=Absorption;5=Float;6=Storage;7=Equalize;8=Passthru;9=Inverting;10=Power assist;11=Power supply;252=Bulk protection,,,,,
com.victronenergy.vebus,VE.Bus Error,32,uint16,1,0 to 65336,/VebusError,no,0=No error;1=VE.Bus Error 1: Device is switched off because one of the other phases in the system has switched off;2=VE.Bus Error 2: New and old types MK2 are mixed in the system;3=VE.Bus Error 3: Not all- or more than- the expected devices were found in the system;4=VE.Bus Error 4: No other device whatsoever detected;5=VE.Bus Error 5: Overvoltage on AC-out;6=VE.Bus Error 6: Error in DDC Program;7=VE.Bus BMS connected- which requires an Assistant- but no assistant found;10=VE.Bus Error 10: System time synchronisation problem occurred;14=VE.Bus Error 14: Device cannot transmit data;16=VE.Bus Error 16: Dongle missing;17=VE.Bus Error 17: One of the devices assumed master status because the original master failed;18=VE.Bus Error 18: AC Overvoltage on the output of a slave has occurred while already switched off;22=VE.Bus Error 22: This device cannot function as slave;24=VE.Bus Error 24: Switch-over system protection initiated;25=VE.Bus Error 25: Firmware incompatibility. The firmware of one of the connected device is not sufficiently up to date to operate in conjunction with this device;26=VE.Bus Error 26: Internal error,,,,,
com.victronenergy.vebus,Switch Position,33,uint16,1,0 to 65336,/Mode,yes,1=Charger Only;2=Inverter Only;3=On;4=Off,"See Venus-OS manual for limitations, for example when VE.Bus BMS or DMC is installed.",,,,
com.victronenergy.vebus,Temperature alarm,34,uint16,1,0 to 65336,/Alarms/HighTemperature,no,0=Ok;1=Warning;2=Alarm,,,,,
com.victronenergy.vebus,Low battery alarm,35,uint16,1,0 to 65336,/Alarms/LowBattery,no,0=Ok;1=Warning;2=Alarm,,,,,
com.victronenergy.vebus,Overload alarm,36,uint16,1,0 to 65336,/Alarms/Overload,no,0=Ok;1=Warning;2=Alarm,,,,,
com.victronenergy.vebus,ESS power setpoint phase 1,37,int16,1,-32668 to 32668,/Hub4/L1/AcPowerSetpoint,yes,W,ESS Mode 3 - Instructs the multi to charge/discharge with giving power. Negative = discharge. Used by the control loop in grid-parallel systems.,,,,
com.victronenergy.vebus,ESS disable charge flag phase,38,uint16,1,0 to 65336,/Hub4/DisableCharge,yes,0=Charge allowed;1=Charge disabled,"ESS Mode 3 - Enables/Disables charge (0=enabled, 1=disabled). Note that power setpoint will yield to this setting",,,,
com.victronenergy.vebus,ESS disable feedback flag phase,39,uint16,1,0 to 65336,/Hub4/DisableFeedIn,yes,0=Feed in allowed;1=Feed in disabled,"ESS Mode 3 - Enables/Disables feedback (0=enabled, 1=disabled). Note that power setpoint will yield to this setting",,,,
com.victronenergy.vebus,ESS power setpoint phase 2,40,int16,1,-32668 to 32668,/Hub4/L2/AcPowerSetpoint,yes,W,ESS Mode 3 - Instructs the multi to charge/discharge with giving power. Negative = discharge. Used by the control loop in grid-parallel systems.,,,,
com.victronenergy.vebus,ESS power setpoint phase 3,41,int16,1,-32668 to 32668,/Hub4/L3/AcPowerSetpoint,yes,W,ESS Mode 3 - Instructs the multi to charge/discharge with giving power. Negative = discharge. Used by the control loop in grid-parallel systems.,,,,
com.victronenergy.vebus,Temperatur sensor alarm,42,uint16,1,0 to 65336,/Alarms/TemperatureSensor,no,0=Ok;1=Warning;2=Alarm,,,,,
com.victronenergy.vebus,Voltage sensor alarm,43,uint16,1,0 to 65336,/Alarms/VoltageSensor,no,0=Ok;1=Warning;2=Alarm,,,,,
com.victronenergy.vebus,Temperature alarm L1,44,uint16,1,0 to 65336,/Alarms/L1/HighTemperature,no,0=Ok;1=Warning;2=Alarm,,,,,
com.victronenergy.vebus,Low battery alarm L1,45,uint16,1,0 to 65336,/Alarms/L1/LowBattery,no,0=Ok;1=Warning;2=Alarm,,,,,
com.victronenergy.vebus,Overload alarm L1,46,uint16,1,0 to 65336,/Alarms/L1/Overload,no,0=Ok;1=Warning;2=Alarm,,,,,
com.victronenergy.vebus,Ripple alarm L1,47,uint16,1,0 to 65336,/Alarms/L1/Ripple,no,0=Ok;1=Warning;2=Alarm,,,,,
com.victronenergy.vebus,Temperature alarm L2,48,uint16,1,0 to 65336,/Alarms/L2/HighTemperature,no,0=Ok;1=Warning;2=Alarm,,,,,
com.victronenergy.vebus,Low battery alarm L2,49,uint16,1,0 to 65336,/Alarms/L2/LowBattery,no,0=Ok;1=Warning;2=Alarm,,,,,
com.victronenergy.vebus,Overload alarm L2,50,uint16,1,0 to 65336,/Alarms/L2/Overload,no,0=Ok;1=Warning;2=Alarm,,,,,
com.victronenergy.vebus,Ripple alarm L2,51,uint16,1,0 to 65336,/Alarms/L2/Ripple,no,0=Ok;1=Warning;2=Alarm,,,,,
com.victronenergy.vebus,Temperature alarm L3,52,uint16,1,0 to 65336,/Alarms/L3/HighTemperature,no,0=Ok;1=Warning;2=Alarm,,,,,
com.victronenergy.vebus,Low battery alarm L3,53,uint16,1,0 to 65336,/Alarms/L3/LowBattery,no,0=Ok;1=Warning;2=Alarm,,,,,
com.victronenergy.vebus,Overload alarm L3,54,uint16,1,0 to 65336,/Alarms/L3/Overload,no,0=Ok;1=Warning;2=Alarm,,,,,
com.victronenergy.vebus,Ripple alarm L3,55,uint16,1,0 to 65336,/Alarms/L3/Ripple,no,0=Ok;1=Warning;2=Alarm,,,,,
com.victronenergy.vebus,Disable PV inverter,56,uint16,1,0 to 65336,/PvInverter/Disable,yes,0=PV enabled;1=PV disabled,Disable PV inverter on AC out (using frequency shifting). Only works when vebus device is in inverter mode. Needs ESS or PV inverter assistant,,,,
com.victronenergy.vebus,VE.Bus BMS allows battery to be charged,57,uint16,1,0 to 65336,/Bms/AllowToCharge,no,0=No;1=Yes,VE.Bus BMS allows the battery to be charged,,,,
com.victronenergy.vebus,VE.Bus BMS allows battery to be discharged,58,uint16,1,0 to 65336,/Bms/AllowToDischarge,no,0=No;1=Yes,VE.Bus BMS allows the battery to be discharged,,,,
com.victronenergy.vebus,VE.Bus BMS is expected,59,uint16,1,0 to 65336,/Bms/BmsExpected,no,0=No;1=Yes,Presence of VE.Bus BMS is expected based on vebus settings (presence of ESS or BMS assistant),,,,
com.victronenergy.vebus,VE.Bus BMS error,60,uint16,1,0 to 65336,/Bms/Error,no,0=No;1=Yes,,,,,
com.victronenergy.vebus,Battery temperature,61,int16,10,-3266.8 to 3266.8,/Dc/0/Temperature,no,Degrees celsius,,,,,
com.victronenergy.vebus,VE.Bus Reset,62,uint16,1,0 to 65336,/SystemReset,yes,0=No action; 1=VE.Bus reset,,,,,
com.victronenergy.vebus,Phase rotation warning,63,uint16,1,0 to 65336,/Alarms/PhaseRotation,no,0=Ok;1=Warning,,,,,
com.victronenergy.battery,Battery voltage,259,uint16,100,0 to 653.36,/Dc/0/Voltage,no,V DC,,,,,
com.victronenergy.battery,Starter battery voltage,260,uint16,100,0 to 653.36,/Dc/1/Voltage,no,V DC,,,,,
com.victronenergy.battery,Current,261,int16,10,-3266.8 to 3266.8,/Dc/0/Current,no,A DC,Postive: battery begin charged. Negative: battery being discharged,,,,
com.victronenergy.battery,Battery temperature,262,int16,10,-3266.8 to 3266.8,/Dc/0/Temperature,no,Degrees celsius,In degrees Celsius,,,,
com.victronenergy.battery,Mid-point voltage of the battery bank,263,uint16,100,0 to 653.36,/Dc/0/MidVoltage,no,V DC,,,,,
com.victronenergy.battery,Mid-point deviation of the battery bank,264,uint16,100,0 to 653.36,/Dc/0/MidVoltageDeviation,no,%,,,,,
com.victronenergy.battery,Consumed Amphours,265,uint16,-10,0 to -6533.6,/ConsumedAmphours,no,Ah,Always negative (to have the same sign as the current).,,,,
com.victronenergy.battery,State of charge,266,uint16,10,0 to 6533.6,/Soc,no,%,,,,,
com.victronenergy.battery,Alarm,267,uint16,1,0 to 65336,/Alarms/Alarm,no,0=No alarm;2=Alarm,2015-01-19: Deprecated for CCGX. Value is always 0.,,,,
com.victronenergy.battery,Low voltage alarm,268,uint16,1,0 to 65336,/Alarms/LowVoltage,no,0=No alarm;2=Alarm,,,,,
com.victronenergy.battery,High voltage alarm,269,uint16,1,0 to 65336,/Alarms/HighVoltage,no,0=No alarm;2=Alarm,,,,,
com.victronenergy.battery,Low starter-voltage alarm,270,uint16,1,0 to 65336,/Alarms/LowStarterVoltage,no,0=No alarm;2=Alarm,,,,,
com.victronenergy.battery,High starter-voltage alarm,271,uint16,1,0 to 65336,/Alarms/HighStarterVoltage,no,0=No alarm;2=Alarm,,,,,
com.victronenergy.battery,Low State-of-charge alarm,272,uint16,1,0 to 65336,/Alarms/LowSoc,no,0=No alarm;2=Alarm,,,,,
com.victronenergy.battery,Low temperature alarm,273,uint16,1,0 to 65336,/Alarms/LowTemperature,no,0=No alarm;2=Alarm,,,,,
com.victronenergy.battery,High temperature alarm,274,uint16,1,0 to 65336,/Alarms/HighTemperature,no,0=No alarm;2=Alarm,,,,,
com.victronenergy.battery,Mid-voltage alarm,275,uint16,1,0 to 65336,/Alarms/MidVoltage,no,0=No alarm;2=Alarm,,,,,
com.victronenergy.battery,Low fused-voltage alarm,276,uint16,1,0 to 65336,/Alarms/LowFusedVoltage,no,0=No alarm;2=Alarm,2014-12-13: Deprecated because over-engineered. Value is always 0.,,,,
com.victronenergy.battery,High fused-voltage alarm,277,uint16,1,0 to 65336,/Alarms/HighFusedVoltage,no,0=No alarm;2=Alarm,2014-12-13: Deprecated because over-engineered. Value is always 0.,,,,
com.victronenergy.battery,Fuse blown alarm,278,uint16,1,0 to 65336,/Alarms/FuseBlown,no,0=No alarm;2=Alarm,,,,,
com.victronenergy.battery,High internal-temperature alarm,279,uint16,1,0 to 65336,/Alarms/HighInternalTemperature,no,0=No alarm;2=Alarm,,,,,
com.victronenergy.battery,Relay status,280,uint16,1,0 to 65336,/Relay/0/State,yes,0=Open;1=Closed,Not supported by CAN.Bus BMS batteries.,,,,
com.victronenergy.battery,Deepest discharge,281,uint16,-10,0 to -6533.6,/History/DeepestDischarge,no,Ah,Not supported by CAN.Bus BMS batteries.,,,,
com.victronenergy.battery,Last discharge,282,uint16,-10,0 to -6533.6,/History/LastDischarge,no,Ah,Not supported by CAN.Bus BMS batteries.,,,,
com.victronenergy.battery,Average discharge,283,uint16,-10,0 to -6533.6,/History/AverageDischarge,no,Ah,Not supported by CAN.Bus BMS batteries.,,,,
com.victronenergy.battery,Charge cycles,284,uint16,1,0 to 65336,/History/ChargeCycles,no,count,Not supported by CAN.Bus BMS batteries.,,,,
com.victronenergy.battery,Full discharges,285,uint16,1,0 to 65336,/History/FullDischarges,no,count,Not supported by CAN.Bus BMS batteries.,,,,
com.victronenergy.battery,Total Ah drawn,286,uint16,-10,0 to -6533.6,/History/TotalAhDrawn,no,Ah,Not supported by CAN.Bus BMS batteries.,,,,
com.victronenergy.battery,Minimum voltage,287,uint16,100,0 to 653.36,/History/MinimumVoltage,no,V DC,Not supported by CAN.Bus BMS batteries.,,,,
com.victronenergy.battery,Maximum voltage,288,uint16,100,0 to 653.36,/History/MaximumVoltage,no,V DC,Not supported by CAN.Bus BMS batteries.,,,,
com.victronenergy.battery,Time since last full charge,289,uint16,0,0 to 6533600,/History/TimeSinceLastFullCharge,no,seconds,Not supported by CAN.Bus BMS batteries.,,,,
com.victronenergy.battery,Automatic syncs,290,uint16,1,0 to 65336,/History/AutomaticSyncs,no,count,Not supported by CAN.Bus BMS batteries.,,,,
com.victronenergy.battery,Low voltage alarms,291,uint16,1,0 to 65336,/History/LowVoltageAlarms,no,count,Not supported by CAN.Bus BMS batteries.,,,,
com.victronenergy.battery,High voltage alarms,292,uint16,1,0 to 65336,/History/HighVoltageAlarms,no,count,Not supported by CAN.Bus BMS batteries.,,,,
com.victronenergy.battery,Low starter voltage alarms,293,uint16,1,0 to 65336,/History/LowStarterVoltageAlarms,no,count,Not supported by CAN.Bus BMS batteries.,,,,
com.victronenergy.battery,High starter voltage alarms,294,uint16,1,0 to 65336,/History/HighStarterVoltageAlarms,no,count,Not supported by CAN.Bus BMS batteries.,,,,
com.victronenergy.battery,Minimum starter voltage,295,uint16,100,0 to 653.36,/History/MinimumStarterVoltage,no,V DC,Not supported by CAN.Bus BMS batteries.,,,,
com.victronenergy.battery,Maximum starter voltage,296,uint16,100,0 to 653.36,/History/MaximumStarterVoltage,no,V DC,Not supported by CAN.Bus BMS batteries.,,,,
com.victronenergy.battery,Low fused-voltage alarms,297,uint16,1,0 to 65336,/History/LowFusedVoltageAlarms,no,count,2014-12-13: Deprecated because over-engineered. Value is always 0.,,,,
com.victronenergy.battery,High fused-voltage alarms,298,uint16,1,0 to 65336,/History/HighFusedVoltageAlarms,no,count,2014-12-13: Deprecated because over-engineered. Value is always 0.,,,,
com.victronenergy.battery,Minimum fused voltage,299,uint16,100,0 to 653.36,/History/MinimumFusedVoltage,no,V DC,2014-12-13: Deprecated because over-engineered. Value is always 0.,,,,
com.victronenergy.battery,Maximum fused voltage,300,uint16,100,0 to 653.36,/History/MaximumFusedVoltage,no,V DC,2014-12-13: Deprecated because over-engineered. Value is always 0.,,,,
com.victronenergy.battery,Discharged Energy,301,uint16,10,0 to 6533.6,/History/DischargedEnergy,no,kWh,Not supported by CAN.Bus BMS batteries.,,,,
com.victronenergy.battery,Charged Energy,302,uint16,10,0 to 6533.6,/History/ChargedEnergy,no,kWh,Not supported by CAN.Bus BMS batteries.,,,,
com.victronenergy.battery,Time to go,303,uint16,0,0 to 6533600,/TimeToGo,no,seconds,Special value: 0 = charging. Not supported by CAN.Bus BMS batteries.,,,,
com.victronenergy.battery,State of health,304,uint16,10,0 to 6533.6,/Soh,no,%,Not supported by Victron products. Supported by CAN.Bus batteries.,,,,
com.victronenergy.battery,Max charge voltage,305,uint16,10,0 to 6533.6,/Info/MaxChargeVoltage,no,V DC,Not supported by Victron products. Supported by CAN.Bus batteries.,,,,
com.victronenergy.battery,Min discharge voltage,306,uint16,10,0 to 6533.6,/Info/BatteryLowVoltage,no,V DC,Not supported by Victron products. Supported by CAN.Bus batteries.,,,,
com.victronenergy.battery,Max charge current,307,uint16,10,0 to 6533.6,/Info/MaxChargeCurrent,no,A DC,Not supported by Victron products. Supported by CAN.Bus batteries.,,,,
com.victronenergy.battery,Max discharge current,308,uint16,10,0 to 6533.6,/Info/MaxDischargeCurrent,no,A DC,Not supported by Victron products. Supported by CAN.Bus batteries.,,,,
com.victronenergy.battery,Capacity,309,uint16,10,0 to 6533.6,/Capacity,no,Ah,,,,,
com.victronenergy.battery,Diagnostics; 1st last error timestamp,310,int32,1,-2147483648 to 2147483648,/Diagnostics/LastErrors/1/Time,no,,,,,,
com.victronenergy.battery,Diagnostics; 2nd last error timestamp,312,int32,1,-2147483648 to 2147483648,/Diagnostics/LastErrors/2/Time,no,,,,,,
com.victronenergy.battery,Diagnostics; 3rd last error timestamp,314,int32,1,-2147483648 to 2147483648,/Diagnostics/LastErrors/3/Time,no,,,,,,
com.victronenergy.battery,Diagnostics; 4th last error timestamp,316,int32,1,-2147483648 to 2147483648,/Diagnostics/LastErrors/4/Time,no,,,,,,
com.victronenergy.battery,Minimum cell temperature,318,int16,10,-3266.8 to 3266.8,/System/MinCellTemperature,no,Degrees celsius,,,,,
com.victronenergy.battery,Maximum cell temperature,319,int16,10,-3266.8 to 3266.8,/System/MaxCellTemperature,no,Degrees celsius,,,,,
com.victronenergy.battery,High charge current alarm,320,uint16,1,0 to 65336,/Alarms/HighChargeCurrent,no,0=No alarm;2=Alarm,,,,,
com.victronenergy.battery,High discharge current alarm,321,uint16,1,0 to 65336,/Alarms/HighDischargeCurrent,no,0=No alarm;2=Alarm,,,,,
com.victronenergy.battery,Cell imbalance alarm,322,uint16,1,0 to 65336,/Alarms/CellImbalance,no,0=No alarm;2=Alarm,,,,,
com.victronenergy.battery,Internal failure alarm,323,uint16,1,0 to 65336,/Alarms/InternalFailure,no,0=No alarm;2=Alarm,,,,,
com.victronenergy.battery,High charge temperature alarm,324,uint16,1,0 to 65336,/Alarms/HighChargeTemperature,no,0=No alarm;2=Alarm,,,,,
com.victronenergy.battery,Low charge temperature alarm,325,uint16,1,0 to 65336,/Alarms/LowChargeTemperature,no,0=No alarm;2=Alarm,,,,,
com.victronenergy.battery,Low cell voltage alarm,326,uint16,1,0 to 65336,/Alarms/LowCellVoltage,no,0=No alarm;1=Almost discharged;2=Alarm,,,,,
com.victronenergy.solarcharger,Battery voltage,771,uint16,100,0 to 653.36,/Dc/0/Voltage,no,V DC,,,,,
com.victronenergy.solarcharger,Battery current,772,int16,10,-3266.8 to 3266.8,/Dc/0/Current,no,A DC,,,,,
com.victronenergy.solarcharger,Battery temperature,773,int16,10,-3266.8 to 3266.8,/Dc/0/Temperature,no,Degrees celsius,VE.Can MPPTs only,,,,
com.victronenergy.solarcharger,Charger on/off,774,uint16,1,0 to 65336,/Mode,yes,1=On;4=Off,VE.Can MPPTs only,,,,
com.victronenergy.solarcharger,Charge state,775,uint16,1,0 to 65336,/State,no,0=Off;2=Fault;3=Bulk;4=Absorption;5=Float;6=Storage;7=Equalize;11=Other (Hub-1);252=External control,,,,,
com.victronenergy.solarcharger,PV voltage,776,uint16,100,0 to 653.36,/Pv/V,no,V DC,Not available if multiple VE.Can chargers are combined,,,,
com.victronenergy.solarcharger,PV current,777,int16,10,-3266.8 to 3266.8,/Pv/I,no,A DC,Not available if multiple VE.Can chargers are combined,,,,
com.victronenergy.solarcharger,Equalization pending,778,uint16,1,0 to 65336,/Equalization/Pending,no,0=No;1=Yes;2=Error;3=Unavailable- Unknown,,,,,
com.victronenergy.solarcharger,Equalization time remaining,779,uint16,10,0 to 6533.6,/Equalization/TimeRemaining,no,seconds,,,,,
com.victronenergy.solarcharger,Relay on the charger,780,uint16,1,0 to 65336,/Relay/0/State,no,0=Open;1=Closed,,,,,
com.victronenergy.solarcharger,,781,uint16,1,0 to 65336,/Alarms/Alarm,no,0=No alarm;2=Alarm,Deprecated. Value is always 0,,,,
com.victronenergy.solarcharger,Low batt. voltage alarm,782,uint16,1,0 to 65336,/Alarms/LowVoltage,no,0=No alarm;2=Alarm,,,,,
com.victronenergy.solarcharger,High batt. voltage alarm,783,uint16,1,0 to 65336,/Alarms/HighVoltage,no,0=No alarm;2=Alarm,,,,,
com.victronenergy.solarcharger,Yield today,784,uint16,10,0 to 6533.6,/History/Daily/0/Yield,no,kWh,Today's yield,,,,
com.victronenergy.solarcharger,Maximum charge power today,785,uint16,1,0 to 65336,/History/Daily/0/MaxPower,no,W,Today's maximum power,,,,
com.victronenergy.solarcharger,Yield yesterday,786,uint16,10,0 to 6533.6,/History/Daily/1/Yield,no,kWh,Yesterday's yield,,,,
com.victronenergy.solarcharger,Maximum charge power yesterday,787,uint16,1,0 to 65336,/History/Daily/1/MaxPower,no,W,Yesterday's maximum power,,,,
com.victronenergy.solarcharger,Error code,788,uint16,1,0 to 65336,/ErrorCode,no,0=No error;1=Battery temperature too high;2=Battery voltage too high;3=Battery temperature sensor miswired (+);4=Battery temperature sensor miswired (-);5=Battery temperature sensor disconnected;6=Battery voltage sense miswired (+);7=Battery voltage sense miswired (-);8=Battery voltage sense disconnected;9=Battery voltage wire losses too high;17=Charger temperature too high;18=Charger over-current;19=Charger current polarity reversed;20=Bulk time limit reached;22=Charger temperature sensor miswired;23=Charger temperature sensor disconnected;34=Input current too high,,,,,
com.victronenergy.solarcharger,PV power,789,uint16,10,0 to 6533.6,/Yield/Power,no,W,,,,,
com.victronenergy.solarcharger,User yield,790,uint16,10,0 to 6533.6,/Yield/User,no,kWh,Energy generated by the solarcharger since last user reset,,,,
com.victronenergy.solarcharger,MPP operation mode,791,uint16,1,0 to 65336,/MppOperationMode,no,0=Off;1=Voltage/current limited;2=MPPT active;255=Not available,,,,,
com.victronenergy.pvinverter,Position,1026,uint16,1,0 to 65336,/Position,no,0=AC input 1;1=AC output;2=AC input 2,,,,,
com.victronenergy.pvinverter,L1 Voltage,1027,uint16,10,0 to 6533.6,/Ac/L1/Voltage,no,V AC,,,,,
com.victronenergy.pvinverter,L1 Current,1028,int16,10,-3266.8 to 3266.8,/Ac/L1/Current,no,A AC,,,,,
com.victronenergy.pvinverter,L1 Power,1029,uint16,1,0 to 65336,/Ac/L1/Power,no,W,,,,,
com.victronenergy.pvinverter,L1 Energy,1030,uint16,100,0 to 653.36,/Ac/L1/Energy/Forward,no,kWh,Deprecated. Use 1046 instead.,,,,
com.victronenergy.pvinverter,L2 Voltage,1031,uint16,10,0 to 6533.6,/Ac/L2/Voltage,no,V AC,,,,,
com.victronenergy.pvinverter,L2 Current,1032,int16,10,-3266.8 to 3266.8,/Ac/L2/Current,no,A AC,,,,,
com.victronenergy.pvinverter,L2 Power,1033,uint16,1,0 to 65336,/Ac/L2/Power,no,W,,,,,
com.victronenergy.pvinverter,L2 Energy,1034,uint16,100,0 to 653.36,/Ac/L2/Energy/Forward,no,kWh,Deprecated. Use 1048 instead.,,,,
com.victronenergy.pvinverter,L3 Voltage,1035,uint16,10,0 to 6533.6,/Ac/L3/Voltage,no,V AC,,,,,
com.victronenergy.pvinverter,L3 Current,1036,int16,10,-3266.8 to 3266.8,/Ac/L3/Current,no,A AC,,,,,
com.victronenergy.pvinverter,L3 Power,1037,uint16,1,0 to 65336,/Ac/L3/Power,no,W,,,,,
com.victronenergy.pvinverter,L3 Energy,1038,uint16,100,0 to 653.36,/Ac/L3/Energy/Forward,no,kWh,Deprecated. Use 1050 instead.,,,,
com.victronenergy.pvinverter,Serial,1039,string[7],1,Max 14 characters,/Serial,no,,"The system serial as string (MSB of first register: first character, LSB of last register: last character).",,,,
com.victronenergy.pvinverter,L1 Energy,1046,uint32,100,0 to 42949672.96,/Ac/L1/Energy/Forward,no,kWh,,,,,
com.victronenergy.pvinverter,L2 Energy,1048,uint32,100,0 to 42949672.96,/Ac/L2/Energy/Forward,no,kWh,,,,,
com.victronenergy.pvinverter,L3 Energy,1050,uint32,100,0 to 42949672.96,/Ac/L3/Energy/Forward,no,kWh,,,,,
com.victronenergy.battery,State,1282,uint16,1,0 to 65336,/State,no,0=Initializing (Wait start);1=Initializing (before boot);2=Initializing (Before boot delay);3=Initializing (Wait boot);4=Initializing;5=Initializing (Measure battery voltage);6=Initializing (Calculate battery voltage);7=Initializing (Wait bus voltage);8=Initializing (Wait for lynx shunt);9=Running;10=Error (10);11=Error (11),,,,,
com.victronenergy.battery,Error,1283,uint16,1,0 to 65336,/ErrorCode,no,0=No error;1=Battery initialization error;2=No batteries connected;3=Unknown battery connected;4=Different battery type;5=Number of batteries incorrect;6=Lynx Shunt not found;7=Battery measure error;8=Internal calculation error;9=Batteries in series not ok;10=Number of batteries incorrect;11=Hardware error;12=Watchdog error;13=Over voltage;14=Under voltage;15=Over temperature;16=Under temperature;17=Hardware fault;18=Standby shutdown;19=Pre-charge charge error;20=Safety contactor check error;21=Pre-charge discharge error;22=ADC error;23=Slave error;24=Slave warning;25=Pre-charge error;26=Safety contactor error;27=Over current;28=Slave update failed;29=Slave update unavailable,,,,,
com.victronenergy.battery,System-switch,1284,uint16,1,0 to 65336,/SystemSwitch,no,0=Disabled;1=Enabled,,,,,
com.victronenergy.battery,Balancing,1285,uint16,1,0 to 65336,/Balancing,no,0=Inactive;1=Active,,,,,
com.victronenergy.battery,System; number of batteries,1286,uint16,1,0 to 65336,/System/NrOfBatteries,no,count,,,,,
com.victronenergy.battery,System; batteries parallel,1287,uint16,1,0 to 65336,/System/BatteriesParallel,no,count,,,,,
com.victronenergy.battery,System; batteries series,1288,uint16,1,0 to 65336,/System/BatteriesSeries,no,count,,,,,
com.victronenergy.battery,System; number of cells per battery,1289,uint16,1,0 to 65336,/System/NrOfCellsPerBattery,no,count,,,,,
com.victronenergy.battery,System; minimum cell voltage,1290,uint16,100,0 to 653.36,/System/MinCellVoltage,no,V DC,,,,,
com.victronenergy.battery,System; maximum cell voltage,1291,uint16,100,0 to 653.36,/System/MaxCellVoltage,no,V DC,,,,,
com.victronenergy.battery,Diagnostics; shutdowns due to error,1292,uint16,1,0 to 65336,/Diagnostics/ShutDownsDueError,no,count,,,,,
com.victronenergy.battery,Diagnostics; 1st last error,1293,uint16,1,0 to 65336,/Diagnostics/LastErrors/1/Error,no,0=No error;1=Battery initialization error;2=No batteries connected;3=Unknown battery connected;4=Different battery type;5=Number of batteries incorrect;6=Lynx Shunt not found;7=Battery measure error;8=Internal calculation error;9=Batteries in series not ok;10=Number of batteries incorrect;11=Hardware error;12=Watchdog error;13=Over voltage;14=Under voltage;15=Over temperature;16=Under temperature;17=Hardware fault;18=Standby shutdown;19=Pre-charge charge error;20=Safety contactor check error;21=Pre-charge discharge error;22=ADC error;23=Slave error;24=Slave warning;25=Pre-charge error;26=Safety contactor error;27=Over current;28=Slave update failed;29=Slave update unavailable,,,,,
com.victronenergy.battery,Diagnostics; 2nd last error,1294,uint16,1,0 to 65336,/Diagnostics/LastErrors/2/Error,no,0=No error;1=Battery initialization error;2=No batteries connected;3=Unknown battery connected;4=Different battery type;5=Number of batteries incorrect;6=Lynx Shunt not found;7=Battery measure error;8=Internal calculation error;9=Batteries in series not ok;10=Number of batteries incorrect;11=Hardware error;12=Watchdog error;13=Over voltage;14=Under voltage;15=Over temperature;16=Under temperature;17=Hardware fault;18=Standby shutdown;19=Pre-charge charge error;20=Safety contactor check error;21=Pre-charge discharge error;22=ADC error;23=Slave error;24=Slave warning;25=Pre-charge error;26=Safety contactor error;27=Over current;28=Slave update failed;29=Slave update unavailable,,,,,
com.victronenergy.battery,Diagnostics; 3rd last error,1295,uint16,1,0 to 65336,/Diagnostics/LastErrors/3/Error,no,0=No error;1=Battery initialization error;2=No batteries connected;3=Unknown battery connected;4=Different battery type;5=Number of batteries incorrect;6=Lynx Shunt not found;7=Battery measure error;8=Internal calculation error;9=Batteries in series not ok;10=Number of batteries incorrect;11=Hardware error;12=Watchdog error;13=Over voltage;14=Under voltage;15=Over temperature;16=Under temperature;17=Hardware fault;18=Standby shutdown;19=Pre-charge charge error;20=Safety contactor check error;21=Pre-charge discharge error;22=ADC error;23=Slave error;24=Slave warning;25=Pre-charge error;26=Safety contactor error;27=Over current;28=Slave update failed;29=Slave update unavailable,,,,,
com.victronenergy.battery,Diagnostics; 4th last error,1296,uint16,1,0 to 65336,/Diagnostics/LastErrors/4/Error,no,0=No error;1=Battery initialization error;2=No batteries connected;3=Unknown battery connected;4=Different battery type;5=Number of batteries incorrect;6=Lynx Shunt not found;7=Battery measure error;8=Internal calculation error;9=Batteries in series not ok;10=Number of batteries incorrect;11=Hardware error;12=Watchdog error;13=Over voltage;14=Under voltage;15=Over temperature;16=Under temperature;17=Hardware fault;18=Standby shutdown;19=Pre-charge charge error;20=Safety contactor check error;21=Pre-charge discharge error;22=ADC error;23=Slave error;24=Slave warning;25=Pre-charge error;26=Safety contactor error;27=Over current;28=Slave update failed;29=Slave update unavailable,,,,,
com.victronenergy.battery,IO; allow to charge,1297,uint16,1,0 to 65336,/Io/AllowToCharge,no,0=No;1=Yes,,,,,
com.victronenergy.battery,IO; allow to discharge,1298,uint16,1,0 to 65336,/Io/AllowToDischarge,no,0=No;1=Yes,,,,,
com.victronenergy.battery,IO; external relay,1299,uint16,1,0 to 65336,/Io/ExternalRelay,no,0=Inactive;1=Active,,,,,
com.victronenergy.battery,History; Min cell-voltage,1300,uint16,100,0 to 653.36,/History/MinimumCellVoltage,no,V DC,,,,,
com.victronenergy.battery,History; Max cell-voltage,1301,uint16,100,0 to 653.36,/History/MaximumCellVoltage,no,V DC,,,,,
com.victronenergy.motordrive,Motor RPM,2048,int16,1,-32668 to 32668,/Motor/RPM,no,RPM,,,,,
com.victronenergy.motordrive,Motor temperature,2049,int16,10,-3266.8 to 3266.8,/Motor/Temperature,no,Degrees celsius,,,,,
com.victronenergy.motordrive,Controller DC Voltage,2050,uint16,100,0 to 653.36,/Dc/0/Voltage,no,V DC,,,,,
com.victronenergy.motordrive,Controller DC Current,2051,int16,10,-3266.8 to 3266.8,/Dc/0/Current,no,A DC,,,,,
com.victronenergy.motordrive,Controller DC Power,2052,int16,10,-3266.8 to 3266.8,/Dc/0/Power,no,W,"Positive = being powered from battery, Negative is charging battery (regeneration)",,,,
com.victronenergy.motordrive,Controller Temperature,2053,int16,10,-3266.8 to 3266.8,/Controller/Temperature,no,Degrees celsius,,,,,
com.victronenergy.charger,Output 1 - voltage,2307,uint16,100,0 to 653.36,/Dc/0/Voltage,no,V DC,,,,,
com.victronenergy.charger,Output 1 - current,2308,int16,10,-3266.8 to 3266.8,/Dc/0/Current,no,A DC,,,,,
com.victronenergy.charger,Output 1 - temperature,2309,int16,10,-3266.8 to 3266.8,/Dc/0/Temperature,no,Degrees celsius,,,,,
com.victronenergy.charger,Output 2 - voltage,2310,uint16,100,0 to 653.36,/Dc/1/Voltage,no,V DC,,,,,
com.victronenergy.charger,Output 2 - current,2311,int16,10,-3266.8 to 3266.8,/Dc/1/Current,no,A DC,,,,,
com.victronenergy.charger,Output 3 - voltage,2312,uint16,100,0 to 653.36,/Dc/2/Voltage,no,V DC,,,,,
com.victronenergy.charger,Output 3 - current,2313,int16,10,-3266.8 to 3266.8,/Dc/2/Current,no,A DC,,,,,
com.victronenergy.charger,AC Current,2314,int16,10,-3266.8 to 3266.8,/Ac/In/L1/I,no,A AC,,,,,
com.victronenergy.charger,AC Power,2315,uint16,1,0 to 65336,/Ac/In/L1/P,no,W DC,,,,,
com.victronenergy.charger,AC Current limit,2316,int16,10,-3266.8 to 3266.8,/Ac/In/CurrentLimit,yes,A AC,,,,,
com.victronenergy.charger,Charger on/off,2317,uint16,1,0 to 65336,/Mode,yes,0=Off;1=On;2=Error;3=Unavailable- Unknown,,,,,
com.victronenergy.charger,Charge state,2318,uint16,1,0 to 65336,/State,no,0=Off;1=Low Power Mode;2=Fault;3=Bulk;4=Absorption;5=Float;6=Storage;7=Equalize;8=Passthru;9=Inverting;10=Power assist;11=Power supply mode;252=Bulk protection,,,,,
com.victronenergy.charger,Error code,2319,uint16,1,0 to 65336,/ErrorCode,no,0=No error;1=Battery temperature too high;2=Battery voltage too high;3=Battery temperature sensor miswired (+);4=Battery temperature sensor miswired (-);5=Battery temperature sensor disconnected;6=Battery voltage sense miswired (+);7=Battery voltage sense miswired (-);8=Battery voltage sense disconnected;9=Battery voltage wire losses too high;17=Charger temperature too high;18=Charger over-current;19=Charger current polarity reversed;20=Bulk time limit reached;22=Charger temperature sensor miswired;23=Charger temperature sensor disconnected;34=Input current too high,,,,,
com.victronenergy.charger,Relay on the charger,2320,uint16,1,0 to 65336,/Relay/0/State,no,0=Open;1=Closed,,,,,
com.victronenergy.charger,Low voltage alarm,2321,uint16,1,0 to 65336,/Alarms/LowVoltage,no,0=No alarm;2=Alarm,,,,,
com.victronenergy.charger,High voltage alarm,2322,uint16,1,0 to 65336,/Alarms/HighVoltage,no,0=No alarm;2=Alarm,,,,,
com.victronenergy.grid,Grid L1 - Power,2600,int16,1,-32668 to 32668,/Ac/L1/Power,no,W,,,,,
com.victronenergy.grid,Grid L2 - Power,2601,int16,1,-32668 to 32668,/Ac/L2/Power,no,W,,,,,
com.victronenergy.grid,Grid L3 - Power,2602,int16,1,-32668 to 32668,/Ac/L3/Power,no,W,,,,,
com.victronenergy.grid,Grid L1 - Energy from net,2603,uint16,100,0 to 653.36,/Ac/L1/Energy/Forward,no,kWh,,,,,
com.victronenergy.grid,Grid L2 - Energy from net,2604,uint16,100,0 to 653.36,/Ac/L2/Energy/Forward,no,kWh,,,,,
com.victronenergy.grid,Grid L3 - Energy from net,2605,uint16,100,0 to 653.36,/Ac/L3/Energy/Forward,no,kWh,,,,,
com.victronenergy.grid,Grid L1 - Energy to net,2606,uint16,100,0 to 653.36,/Ac/L1/Energy/Reverse,no,kWh,,,,,
com.victronenergy.grid,Grid L2 - Energy to net,2607,uint16,100,0 to 653.36,/Ac/L2/Energy/Reverse,no,kWh,,,,,
com.victronenergy.grid,Grid L3 - Energy to net,2608,uint16,100,0 to 653.36,/Ac/L3/Energy/Reverse,no,kWh,,,,,
com.victronenergy.grid,Serial,2609,string[7],,14 characters,/Serial,no,,"The grid meter serial as string (MSB of first register: first character, LSB of last register: last character).",,,,
com.victronenergy.grid,Grid L1 – Voltage,2616,uint16,10,0 to 6533.6,/Ac/L1/Voltage,no,V AC,,,,,
com.victronenergy.grid,Grid L1 – Current,2617,int16,10,-3266.8 to 3266.8,/Ac/L1/Current,no,A AC,,,,,
com.victronenergy.grid,Grid L2 – Voltage,2618,uint16,10,0 to 6533.6,/Ac/L2/Voltage,no,V AC,,,,,
com.victronenergy.grid,Grid L2 – Current,2619,int16,10,-3266.8 to 3266.8,/Ac/L2/Current,no,A AC,,,,,
com.victronenergy.grid,Grid L3 – Voltage,2620,uint16,10,0 to 6533.6,/Ac/L3/Voltage,no,V AC,,,,,
com.victronenergy.grid,Grid L3 – Current,2621,int16,10,-3266.8 to 3266.8,/Ac/L3/Current,no,A AC,,,,,
com.victronenergy.grid,Grid L1 - Energy from net,2622,uint32,100,0 to 42949672.96,/Ac/L1/Energy/Forward,no,kWh,,,,,
com.victronenergy.grid,Grid L2 - Energy from net,2624,uint32,100,0 to 42949672.96,/Ac/L2/Energy/Forward,no,kWh,,,,,
com.victronenergy.grid,Grid L3 - Energy from net,2626,uint32,100,0 to 42949672.96,/Ac/L3/Energy/Forward,no,kWh,,,,,
com.victronenergy.grid,Grid L1 - Energy to net,2628,uint32,100,0 to 42949672.96,/Ac/L1/Energy/Reverse,no,kWh,,,,,
com.victronenergy.grid,Grid L2 - Energy to net,2630,uint32,100,0 to 42949672.96,/Ac/L2/Energy/Reverse,no,kWh,,,,,
com.victronenergy.grid,Grid L3 - Energy to net,2632,uint32,100,0 to 42949672.96,/Ac/L3/Energy/Reverse,no,kWh,,,,,
com.victronenergy.settings,ESS control loop setpoint,2700,int16,1,-32668 to 32668,/Settings/Cgwacs/AcPowerSetPoint,yes,W,ESS Mode 2 - Setpoint for the ESS control-loop in the CCGX. The control-loop will increase/decrease the Multi charge/discharge power to get the grid L1 reading at J224this setpoint,,,,
com.victronenergy.settings,ESS max charge current (fractional),2701,uint16,1,0 to 100,/Settings/Cgwacs/MaxChargePercentage,yes,%,"ESS Mode 2 - Max charge current for ESS control-loop. The control-loop will use this value to limit the multi power setpoint. For DVCC, use 2705 instead.",,,,
com.victronenergy.settings,ESS max discharge current (fractional),2702,uint16,1,0 to 100,/Settings/Cgwacs/MaxDischargePercentage,yes,%,ESS Mode 2 - Max discharge current for ESS control-loop. The control-loop will use this value to limit the multi power setpoint. Currently a value < 50% will disable discharge completely. >=50% allows. Consider using 2704 instead.,,,,
com.victronenergy.settings,ESS control loop setpoint,2703,int16,0,-3266800 to 3266800,/Settings/Cgwacs/AcPowerSetPoint,yes,W,"ESS Mode 2 – Same as 2700, but with a different scale factor. Meant for values larger than 65kW.",,,,
com.victronenergy.settings,ESS max discharge current,2704,uint16,0,0 to 655360,/Settings/Cgwacs/MaxDischargePower,yes,W,"ESS Mode 2 – similar to 2702, but as an absolute value instead of a percentage.",,,,
com.victronenergy.settings,DVCC system max charge current,2705,int16,1,-32668 to 32668,/Settings/SystemSetup/MaxChargeCurrent,yes,A DC,ESS Mode 2 with DVCC – Maximum system charge current. -1 Disables.,,,,
com.victronenergy.gps,Latitude,2800,int32,10000000,-214.7483648 to 214.7483648,/Position/Latitude,no,Decimal degrees,,,,,
com.victronenergy.gps,Longitude,2802,int32,10000000,-214.7483648 to 214.7483648,/Position/Longitude,no,Decimal degrees,,,,,
com.victronenergy.gps,Course,2804,uint16,100,0 to 653.36,/Course,no,Degrees,Direction of movement 0-360 degrees,,,,
com.victronenergy.gps,Speed,2805,uint16,100,0 to 653.36,/Speed,no,m/s,Speed in m/s,,,,
com.victronenergy.gps,GPS fix,2806,uint16,1,0 to 65336,/Fix,no,,"0: no fix, 1: fix",,,,
com.victronenergy.gps,GPS number of satellites,2807,uint16,1,0 to 65336,/NrOfSatellites,no,,,,,,
com.victronenergy.gps,Altitude,2808,int32,10,-214748364.8 to 214748364.8,/Altitude,no,m/s,,,,,
com.victronenergy.settings,ESS BatteryLife state,2900,uint16,1,,/Settings/CGwacs/BatteryLife/State,yes,"0=Unused, BL disabled;1=Restarting;2=Self-consumption;3=Self-consumption;4=Self-consumption;5=Discharge disabled;6=Force charge;7=Sustain;9=Keep batteries charged;10=BL Disabled;11=BL Disabled (Low SoC)",Use value 0 (disable) and 1(enable) for writing only,,,,
com.victronenergy.settings,ESS Minimum SoC (unless grid fails),2901,uint16,10,,/Settings/CGwacs/BatteryLife/MinimumSocLimit,yes,%,Same as the setting in the GUI,,,,
com.victronenergy.settings,ESS Mode,2902,uint16,1,0 to 65336,/Settings/Cgwacs/Hub4Mode,yes,1=ESS with Phase Compensation;2=ESS without phase compensation;3=Disabled/External Control,,,,,
com.victronenergy.tank,Product ID,3000,uint16,1,0 to 65336,/ProductId,no,,,,,,
com.victronenergy.tank,Tank capacity,3001,uint32,10000,0 to 429496.7296,/Capacity,no,m3,,,,,
com.victronenergy.tank,Tank fluid type,3003,uint16,1,0 to 65336,/FluidType,no,0=Fuel;1=Fresh water;2=Waste water;3=Live well;4=Oil;5=Black water (sewage),,,,,
com.victronenergy.tank,Tank level,3004,uint16,10,0 to 6533.6,/Level,no,%,,,,,
com.victronenergy.tank,Tank remaining fluid,3005,uint32,10000,0 to 429496.7296,/Remaining,no,m3,,,,,
com.victronenergy.tank,Tank status,3007,uint16,1,0 to 65336,/Status,no,0=OK;1=Disconnected;2=Short circuited;3=Reverse Polarity;4=Unknown,,,,,
com.victronenergy.inverter,Output current,3100,int16,10,-3276.8 to 3276.8,/Ac/Out/L1/I,no,A AC,,,,,
com.victronenergy.inverter,Output voltage,3101,uint16,10,0 to 6553.6,/Ac/Out/L1/V,no,V AC,,,,,
com.victronenergy.inverter,Battery voltage,3105,uint16,100,0 to 655.36,/Dc/0/Voltage,no,V DC,,,,,
com.victronenergy.inverter,High temperature alarm,3110,uint16,1,0 to 65536,/Alarms/HighTemperature,no,0=No alarm;1=Warning;2=Alarm,,,,,
com.victronenergy.inverter,High battery voltage alarm,3111,uint16,1,0 to 65536,/Alarms/HighVoltage,no,0=No alarm;1=Warning;2=Alarm,,,,,
com.victronenergy.inverter,High AC-Out voltage alarm,3112,uint16,1,0 to 65536,/Alarms/HighVoltageAcOut,no,0=No alarm;1=Warning;2=Alarm,,,,,
com.victronenergy.inverter,Low temperature alarm,3113,uint16,1,0 to 65536,/Alarms/LowTemperature,no,0=No alarm;1=Warning;2=Alarm,,,,,
com.victronenergy.inverter,Low battery voltage alarm,3114,uint16,1,0 to 65536,/Alarms/LowVoltage,no,0=No alarm;1=Warning;2=Alarm,,,,,
com.victronenergy.inverter,Low AC-Out voltage alarm,3115,uint16,1,0 to 65536,/Alarms/LowVoltageAcOut,no,0=No alarm;1=Warning;2=Alarm,,,,,
com.victronenergy.inverter,Overload alarm,3116,uint16,1,0 to 65536,/Alarms/Overload,no,0=No alarm;1=Warning;2=Alarm,,,,,
com.victronenergy.inverter,Ripple alarm,3117,uint16,1,0 to 65536,/Alarms/Ripple,no,0=No alarm;1=Warning;2=Alarm,,,,,
com.victronenergy.inverter,Firmware version,3125,uint16,1,0 to 65536,/FirmwareVersion,no,,,,,,
com.victronenergy.inverter,Inverter on/off/eco,3126,uint16,1,0 to 65536,/Mode,yes,2=On;4=Off;5=Eco,,,,,
com.victronenergy.inverter,Inverter model,3127,uint16,1,0 to 65536,/ProductId,no,,,,,,
com.victronenergy.inverter,Inverter state,3128,uint16,1,0 to 65536,/State,no,0=Off;1=Low power mode (search mode);2=Fault;9=Inverting (on),,,,,
com.victronenergy.genset,Phase 1 voltage,3200,uint16,10,0 to 6553.6,/Ac/L1/Voltage,no,V AC,,,,,
com.victronenergy.genset,Phase 2 voltage,3201,uint16,10,0 to 6553.6,/Ac/L2/Voltage,no,V AC,,,,,
com.victronenergy.genset,Phase 3 voltage,3202,uint16,10,0 to 6553.6,/Ac/L3/Voltage,no,V AC,,,,,
com.victronenergy.genset,Phase 1 current,3203,int16,10,-3276.8 to 3276.8,/Ac/L1/Current,no,A AC,,,,,
com.victronenergy.genset,Phase 2 current,3204,int16,10,-3276.8 to 3276.8,/Ac/L2/Current,no,A AC,,,,,
com.victronenergy.genset,Phase 3 current,3205,int16,10,-3276.8 to 3276.8,/Ac/L3/Current,no,A AC,,,,,
com.victronenergy.genset,Phase 1 power,3206,int16,1,-32768 to 32768,/Ac/L1/Power,no,W,,,,,
com.victronenergy.genset,Phase 2 power,3207,int16,1,-32768 to 32768,/Ac/L2/Power,no,W,,,,,
com.victronenergy.genset,Phase 3 power,3208,int16,1,-32768 to 32768,/Ac/L3/Power,no,W,,,,,
com.victronenergy.genset,Phase 1 frequency,3209,uint16,100,0 to 655.36,/Ac/L1/Frequency,no,Hz,,,,,
com.victronenergy.genset,Phase 2 frequency,3210,uint16,100,0 to 655.36,/Ac/L2/Frequency,no,Hz,,,,,
com.victronenergy.genset,Phase 3 frequency,3211,uint16,100,0 to 655.36,/Ac/L3/Frequency,no,Hz,,,,,
com.victronenergy.genset,Generator model,3212,uint16,1,0 to 65536,/ProductId,no,,,,,,
com.victronenergy.genset,Status,3213,uint16,1,0 to 65536,/StatusCode,no,0=Standby;1=Startup 1;2=Startup 2;3=Startup 3;4=Startup 4;5=Startup 5;6=Startup 6;7=Startup 7;8=Running;9=Stopping;10=Error,,,,,
com.victronenergy.genset,Error,3214,uint16,1,0 to 65536,/ErrorCode,no,0=No error;1=AC voltage L1 too low;2=AC frequency L1 too low;3=AC current too low;4=AC power too low;5=Emergency stop;6=Servo current too low;7=Oil pressure too low;8=Engine temperature too low;9=Winding temperature too low;10=Exhaust temperature too low;13=Starter current too low;14=Glow current too low;15=Glow current too low;16=Fuel holding magnet current too low;17=Stop solenoid hold coil current too low;18=Stop solenoid pull coil current too low;19=Optional DC out current too low;20=5V output voltage too low;21=Boost output current too low;22=Panel supply current too high;25=Starter battery voltage too low;26=Startup aborted (rotation too low);28=Rotation too low;29=Power contactor current too low;30=AC voltage L2 too low;31=AC frequency L2 too low;32=AC current L2 too low;33=AC power L2 too low;34=AC voltage L3 too low;35=AC frequency L3 too low;36=AC current L3 too low;37=AC power L3 too low;62=Fuel temperature too low;63=Fuel level too low;65=AC voltage L1 too high;66=AC frequency too high;67=AC current too high;68=AC power too high;70=Servo current too high;71=Oil pressure too high;72=Engine temperature too high;73=Winding temperature too high;74=Exhaust temperature too low;77=Starter current too low;78=Glow current too high;79=Glow current too high;80=Fuel holding magnet current too high;81=Stop solenoid hold coil current too high;82=Stop solenoid pull coil current too high;83=Optional DC out current too high;84=5V output voltage too high;85=Boost output current too high;89=Starter battery voltage too high;90=Startup aborted (rotation too high);92=Rotation too high;93=Power contactor current too high;94=AC voltage L2 too high;95=AC frequency L2 too high;96=AC current L2 too high;97=AC power L2 too high;98=AC voltage L3 too high;99=AC frequency L3 too high;100=AC current L3 too high;101=AC power L3 too high;126=Fuel temperature too high;127=Fuel level too high;130=Lost control unit;131=Lost panel;132=Service needed;133=Lost 3-phase module;134=Lost AGT module;135=Synchronization failure;137=Intake airfilter;139=Lost sync. module;140=Load-balance failed;141=Sync-mode deactivated;142=Engine controller;148=Rotating field wrong;149=Fuel level sensor lost;150=Init failed;151=Watchdog;152=Out: winding;153=Out: exhaust;154=Out: Cyl. head;155=Inverter over temperature;156=Inverter overload;157=Inverter communication lost;158=Inverter sync failed;159=CAN communication lost;160=L1 overload;161=L2 overload;162=L3 overload;163=DC overload;164=DC overvoltage;165=Emergency stop;166=No connection,,,,,
com.victronenergy.genset,Auto start,3215,uint16,1,0 to 65536,/AutoStart,no,0=Disabled;1=Enabled,,,,,
com.victronenergy.genset,Engine load,3216,uint16,1,0 to 65536,/Engine/Load,no,%,,,,,
com.victronenergy.genset,Engine speed,3217,uint16,1,0 to 65536,/Engine/Speed,no,RPM,,,,,
com.victronenergy.genset,Engine operating hours,3218,uint16,0,0 to 6553600,/Engine/OperatingHours,no,s,,,,,
com.victronenergy.genset,Engine coolant temperature,3219,int16,10,-3276.8 to 3276.8,/Engine/CoolantTemperature,no,Degrees celsius,,,,,
com.victronenergy.genset,Engine winding temperature,3220,int16,10,-3276.8 to 3276.8,/Engine/WindingTemperature,no,Degrees celsius,,,,,
com.victronenergy.genset,Engine exhaust temperature,3221,int16,10,-3276.8 to 3276.8,/Engine/ExaustTemperature,no,Degrees celsius,,,,,
com.victronenergy.genset,Starter voltage,3222,uint16,100,0 to 655.36,/StarterVoltage,no,V DC,,,,,
com.victronenergy.genset,Start generator,3223,uint16,1,0 to 65536,/Start,yes,0=Stop;1=Start,,,,,
com.victronenergy.temperature,Product ID,3300,uint16,1,0 to 65336,/ProductId,no,,,,,,
com.victronenergy.temperature,Temperature scale factor,3301,uint16,100,0 to 653.36,/Scale,no,,,,,,
com.victronenergy.temperature,Temperature offset,3302,int16,100,-326.68 to 326.68,/Offset,no,,,,,,
com.victronenergy.temperature,Temperature type,3303,uint16,1,0 to 65336,/TemperatureType,no,0=Battery;1=Fridge;2=Generic,,,,,
com.victronenergy.temperature,Temperature,3304,int16,100,-326.68 to 326.68,/Temperature,no,Degrees celsius,,,,,
com.victronenergy.temperature,Temperature status,3305,uint16,1,0 to 65336,/Status,no,0=OK;1=Disconnected;2=Short circuited;3=Reverse Polarity;4=Unknown,,,,,
com.victronenergy.pulsemeter,Aggregate (measured value),3400,uint32,1,0 to 4294967295,/Aggregate,no,m3,,,,,
com.victronenergy.pulsemeter,Count (number of pulses on meter),3402,uint32,1,0 to 4294967295,/Count,no,,,,,,
com.victronenergy.digitalinput,Count,3420,uint32,1,0 to 4294967295,/Count,no,,,,,,
com.victronenergy.digitalinput,State,3422,uint16,1,0 to 1,/State,no,0=Low;1=High;2=Off;3=On;4=No;5=Yes;6=Open;7=Closed;8=Alarm;9=OK;10=Running;11=Stopped,,,,,
com.victronenergy.digitalinput,Alarm,3423,uint16,1,0 to 2,/Alarm,no,0=No alarm;2=Alarm,,,,,
com.victronenergy.digitalinput,Type,3424,uint16,1,0 to 65535,/Type,no,2=Door;3=Bilge pump;4=Bilge alarm;5=Burglar alarm;6=Smoke alarm;7=Fire alarm;8=CO2 alarm,,,,,
com.victronenergy.generator,Manual Start,3500,uint16,1,0 to 1,/Generator0/ManualStart,yes,0=Stop generator; 1=Start generator,,,,,
com.victronenergy.generator,Condition that started the generator,3501,uint16,1,0 to 65535,/Generator0/RunningByConditionCode,no,0=Stopped;1=Manual;2=TestRun;3=LossOfComms;4=Soc;5=AcLoad;6=BatteryCurrent;7=BatteryVoltage;8=InverterTemperatur;9=InverterOverload;10=StopOnAc1,,,,,
com.victronenergy.generator,Runtime in seconds,3502,uint16,1,0 to 65535,/Generator0/Runtime,no,seconds,,,,,
com.victronenergy.meteo,Solar irradiance,3600,uint16,10,0 to 6553.5,/Irradiance,,W/m^2,,,,,
com.victronenergy.meteo,Wind speed,3601,uint16,10,0 to 6553.5,/WindSpeed,,m/s,,,,,
com.victronenergy.meteo,Cell temperature of sensor,3602,int16,10,-3276.8 to 3276.7,/CellTemperature,,Degrees celsius,,,,,
com.victronenergy.meteo,External temperature,3603,int16,10,-3276.8 to 3276.7,/ExternalTemperature,,Degrees celsius,,,,,